region;Skattesats till landsting 2000;Skattesats till landsting 2001;Skattesats till landsting 2002;Skattesats till landsting 2003;Skattesats till landsting 2004;Skattesats till landsting 2005;Skattesats till landsting 2006;Skattesats till landsting 2007;Skattesats till landsting 2008;Skattesats till landsting 2009;Skattesats till landsting 2010;Skattesats till landsting 2011;Skattesats till landsting 2012;Skattesats till landsting 2013;Skattesats till landsting 2014;Skattesats till landsting 2015;Skattesats till landsting 2016;Skattesats till landsting 2017;Skattesats till landsting 2018
1276 Klippan;9,39;9,39;9,39;10,39;10,39;10,39;10,39;10,39;10,39;10,39;10,39;10,39;10,39;10,39;10,69;10,69;10,69;10,69;10,69
1277 Åstorp;9,39;9,39;9,39;10,39;10,39;10,39;10,39;10,39;10,39;10,39;10,39;10,39;10,39;10,39;10,69;10,69;10,69;10,69;10,69
1278 Båstad;9,39;9,39;9,39;10,39;10,39;10,39;10,39;10,39;10,39;10,39;10,39;10,39;10,39;10,39;10,69;10,69;10,69;10,69;10,69
1280 Malmö;9,39;9,39;9,39;10,39;10,39;10,39;10,39;10,39;10,39;10,39;10,39;10,39;10,39;10,39;10,69;10,69;10,69;10,69;10,69
1281 Lund;9,39;9,39;9,39;10,39;10,39;10,39;10,39;10,39;10,39;10,39;10,39;10,39;10,39;10,39;10,69;10,69;10,69;10,69;10,69
1282 Landskrona;9,39;9,39;9,39;10,39;10,39;10,39;10,39;10,39;10,39;10,39;10,39;10,39;10,39;10,39;10,69;10,69;10,69;10,69;10,69
1283 Helsingborg;9,39;9,39;9,39;10,39;10,39;10,39;10,39;10,39;10,39;10,39;10,39;10,39;10,39;10,39;10,69;10,69;10,69;10,69;10,69
1284 Höganäs;9,39;9,39;9,39;10,39;10,39;10,39;10,39;10,39;10,39;10,39;10,39;10,39;10,39;10,39;10,69;10,69;10,69;10,69;10,69
1285 Eslöv;9,39;9,39;9,39;10,39;10,39;10,39;10,39;10,39;10,39;10,39;10,39;10,39;10,39;10,39;10,69;10,69;10,69;10,69;10,69
1286 Ystad;9,39;9,39;9,39;10,39;10,39;10,39;10,39;10,39;10,39;10,39;10,39;10,39;10,39;10,39;10,69;10,69;10,69;10,69;10,69
1287 Trelleborg;9,39;9,39;9,39;10,39;10,39;10,39;10,39;10,39;10,39;10,39;10,39;10,39;10,39;10,39;10,69;10,69;10,69;10,69;10,69
1290 Kristianstad;9,39;9,39;9,39;10,39;10,39;10,39;10,39;10,39;10,39;10,39;10,39;10,39;10,39;10,39;10,69;10,69;10,69;10,69;10,69
1291 Simrishamn;9,39;9,39;9,39;10,39;10,39;10,39;10,39;10,39;10,39;10,39;10,39;10,39;10,39;10,39;10,69;10,69;10,69;10,69;10,69
1292 Ängelholm;9,39;9,39;9,39;10,39;10,39;10,39;10,39;10,39;10,39;10,39;10,39;10,39;10,39;10,39;10,69;10,69;10,69;10,69;10,69
1293 Hässleholm;9,39;9,39;9,39;10,39;10,39;10,39;10,39;10,39;10,39;10,39;10,39;10,39;10,39;10,39;10,69;10,69;10,69;10,69;10,69
1315 Hylte;9,72;9,72;9,72;9,72;9,72;9,72;9,72;9,72;9,72;9,72;9,72;9,72;10,42;10,42;10,42;10,82;10,82;10,82;10,82
1380 Halmstad;9,72;9,72;9,72;9,72;9,72;9,72;9,72;9,72;9,72;9,72;9,72;9,72;10,42;10,42;10,42;10,82;10,82;10,82;10,82
1381 Laholm;9,72;9,72;9,72;9,72;9,72;9,72;9,72;9,72;9,72;9,72;9,72;9,72;10,42;10,42;10,42;10,82;10,82;10,82;10,82
1382 Falkenberg;9,72;9,72;9,72;9,72;9,72;9,72;9,72;9,72;9,72;9,72;9,72;9,72;10,42;10,42;10,42;10,82;10,82;10,82;10,82
1383 Varberg;9,72;9,72;9,72;9,72;9,72;9,72;9,72;9,72;9,72;9,72;9,72;9,72;10,42;10,42;10,42;10,82;10,82;10,82;10,82
1384 Kungsbacka;9,72;9,72;9,72;9,72;9,72;9,72;9,72;9,72;9,72;9,72;9,72;9,72;10,42;10,42;10,42;10,82;10,82;10,82;10,82
1401 Härryda;9,5;10,25;10,25;10,25;10,25;10,45;10,45;10,45;10,45;10,45;10,45;10,45;10,88;11,13;11,13;11,48;11,48;11,48;11,48
1402 Partille;9,5;10,25;10,25;10,25;10,25;10,45;10,45;10,45;10,45;10,45;10,45;10,45;10,88;11,13;11,13;11,48;11,48;11,48;11,48
1407 Öckerö;9,5;10,25;10,25;10,25;10,25;10,45;10,45;10,45;10,45;10,45;10,45;10,45;10,88;11,13;11,13;11,48;11,48;11,48;11,48
1415 Stenungsund;9,5;10,25;10,25;10,25;10,25;10,45;10,45;10,45;10,45;10,45;10,45;10,45;10,88;11,13;11,13;11,48;11,48;11,48;11,48
1419 Tjörn;9,5;10,25;10,25;10,25;10,25;10,45;10,45;10,45;10,45;10,45;10,45;10,45;10,88;11,13;11,13;11,48;11,48;11,48;11,48
1421 Orust;9,5;10,25;10,25;10,25;10,25;10,45;10,45;10,45;10,45;10,45;10,45;10,45;10,88;11,13;11,13;11,48;11,48;11,48;11,48
1427 Sotenäs;9,5;10,25;10,25;10,25;10,25;10,45;10,45;10,45;10,45;10,45;10,45;10,45;10,88;11,13;11,13;11,48;11,48;11,48;11,48
1430 Munkedal;9,5;10,25;10,25;10,25;10,25;10,45;10,45;10,45;10,45;10,45;10,45;10,45;10,88;11,13;11,13;11,48;11,48;11,48;11,48
1435 Tanum;9,5;10,25;10,25;10,25;10,25;10,45;10,45;10,45;10,45;10,45;10,45;10,45;10,88;11,13;11,13;11,48;11,48;11,48;11,48
1438 Dals-Ed;9,5;10,25;10,25;10,25;10,25;10,45;10,45;10,45;10,45;10,45;10,45;10,45;10,88;11,13;11,13;11,48;11,48;11,48;11,48
1439 Färgelanda;9,5;10,25;10,25;10,25;10,25;10,45;10,45;10,45;10,45;10,45;10,45;10,45;10,88;11,13;11,13;11,48;11,48;11,48;11,48
1440 Ale;9,5;10,25;10,25;10,25;10,25;10,45;10,45;10,45;10,45;10,45;10,45;10,45;10,88;11,13;11,13;11,48;11,48;11,48;11,48
1441 Lerum;9,5;10,25;10,25;10,25;10,25;10,45;10,45;10,45;10,45;10,45;10,45;10,45;10,88;11,13;11,13;11,48;11,48;11,48;11,48
1442 Vårgårda;9,5;10,25;10,25;10,25;10,25;10,45;10,45;10,45;10,45;10,45;10,45;10,45;10,88;11,13;11,13;11,48;11,48;11,48;11,48
1443 Bollebygd;9,5;10,25;10,25;10,25;10,25;10,45;10,45;10,45;10,45;10,45;10,45;10,45;10,88;11,13;11,13;11,48;11,48;11,48;11,48
1444 Grästorp;9,5;10,25;10,25;10,25;10,25;10,45;10,45;10,45;10,45;10,45;10,45;10,45;10,88;11,13;11,13;11,48;11,48;11,48;11,48
1445 Essunga;9,5;10,25;10,25;10,25;10,25;10,45;10,45;10,45;10,45;10,45;10,45;10,45;10,88;11,13;11,13;11,48;11,48;11,48;11,48
1446 Karlsborg;9,5;10,25;10,25;10,25;10,25;10,45;10,45;10,45;10,45;10,45;10,45;10,45;10,88;11,13;11,13;11,48;11,48;11,48;11,48
1447 Gullspång;9,5;10,25;10,25;10,25;10,25;10,45;10,45;10,45;10,45;10,45;10,45;10,45;10,88;11,13;11,13;11,48;11,48;11,48;11,48
1452 Tranemo;9,5;10,25;10,25;10,25;10,25;10,45;10,45;10,45;10,45;10,45;10,45;10,45;10,88;11,13;11,13;11,48;11,48;11,48;11,48
1460 Bengtsfors;9,5;10,25;10,25;10,25;10,25;10,45;10,45;10,45;10,45;10,45;10,45;10,45;10,88;11,13;11,13;11,48;11,48;11,48;11,48
1461 Mellerud;9,5;10,25;10,25;10,25;10,25;10,45;10,45;10,45;10,45;10,45;10,45;10,45;10,88;11,13;11,13;11,48;11,48;11,48;11,48
1462 Lilla Edet;9,5;10,25;10,25;10,25;10,25;10,45;10,45;10,45;10,45;10,45;10,45;10,45;10,88;11,13;11,13;11,48;11,48;11,48;11,48
1463 Mark;9,5;10,25;10,25;10,25;10,25;10,45;10,45;10,45;10,45;10,45;10,45;10,45;10,88;11,13;11,13;11,48;11,48;11,48;11,48
1465 Svenljunga;9,5;10,25;10,25;10,25;10,25;10,45;10,45;10,45;10,45;10,45;10,45;10,45;10,88;11,13;11,13;11,48;11,48;11,48;11,48
1466 Herrljunga;9,5;10,25;10,25;10,25;10,25;10,45;10,45;10,45;10,45;10,45;10,45;10,45;10,88;11,13;11,13;11,48;11,48;11,48;11,48
1470 Vara;9,5;10,25;10,25;10,25;10,25;10,45;10,45;10,45;10,45;10,45;10,45;10,45;10,88;11,13;11,13;11,48;11,48;11,48;11,48
1471 Götene;9,5;10,25;10,25;10,25;10,25;10,45;10,45;10,45;10,45;10,45;10,45;10,45;10,88;11,13;11,13;11,48;11,48;11,48;11,48
1472 Tibro;9,5;10,25;10,25;10,25;10,25;10,45;10,45;10,45;10,45;10,45;10,45;10,45;10,88;11,13;11,13;11,48;11,48;11,48;11,48
1473 Töreboda;9,5;10,25;10,25;10,25;10,25;10,45;10,45;10,45;10,45;10,45;10,45;10,45;10,88;11,13;11,13;11,48;11,48;11,48;11,48
1480 Göteborg;9,5;10,25;10,25;10,25;10,25;10,45;10,45;10,45;10,45;10,45;10,45;10,45;10,88;11,13;11,13;11,48;11,48;11,48;11,48
1481 Mölndal;9,5;10,25;10,25;10,25;10,25;10,45;10,45;10,45;10,45;10,45;10,45;10,45;10,88;11,13;11,13;11,48;11,48;11,48;11,48
1482 Kungälv;9,5;10,25;10,25;10,25;10,25;10,45;10,45;10,45;10,45;10,45;10,45;10,45;10,88;11,13;11,13;11,48;11,48;11,48;11,48
1484 Lysekil;9,5;10,25;10,25;10,25;10,25;10,45;10,45;10,45;10,45;10,45;10,45;10,45;10,88;11,13;11,13;11,48;11,48;11,48;11,48
1485 Uddevalla;9,5;10,25;10,25;10,25;10,25;10,45;10,45;10,45;10,45;10,45;10,45;10,45;10,88;11,13;11,13;11,48;11,48;11,48;11,48
1486 Strömstad;9,5;10,25;10,25;10,25;10,25;10,45;10,45;10,45;10,45;10,45;10,45;10,45;10,88;11,13;11,13;11,48;11,48;11,48;11,48
1487 Vänersborg;9,5;10,25;10,25;10,25;10,25;10,45;10,45;10,45;10,45;10,45;10,45;10,45;10,88;11,13;11,13;11,48;11,48;11,48;11,48
1488 Trollhättan;9,5;10,25;10,25;10,25;10,25;10,45;10,45;10,45;10,45;10,45;10,45;10,45;10,88;11,13;11,13;11,48;11,48;11,48;11,48
1489 Alingsås;9,5;10,25;10,25;10,25;10,25;10,45;10,45;10,45;10,45;10,45;10,45;10,45;10,88;11,13;11,13;11,48;11,48;11,48;11,48
1490 Borås;9,5;10,25;10,25;10,25;10,25;10,45;10,45;10,45;10,45;10,45;10,45;10,45;10,88;11,13;11,13;11,48;11,48;11,48;11,48
1491 Ulricehamn;9,5;10,25;10,25;10,25;10,25;10,45;10,45;10,45;10,45;10,45;10,45;10,45;10,88;11,13;11,13;11,48;11,48;11,48;11,48
1492 Åmål;9,5;10,25;10,25;10,25;10,25;10,45;10,45;10,45;10,45;10,45;10,45;10,45;10,88;11,13;11,13;11,48;11,48;11,48;11,48
1493 Mariestad;9,5;10,25;10,25;10,25;10,25;10,45;10,45;10,45;10,45;10,45;10,45;10,45;10,88;11,13;11,13;11,48;11,48;11,48;11,48
1494 Lidköping;9,5;10,25;10,25;10,25;10,25;10,45;10,45;10,45;10,45;10,45;10,45;10,45;10,88;11,13;11,13;11,48;11,48;11,48;11,48
1495 Skara;9,5;10,25;10,25;10,25;10,25;10,45;10,45;10,45;10,45;10,45;10,45;10,45;10,88;11,13;11,13;11,48;11,48;11,48;11,48
1496 Skövde;9,5;10,25;10,25;10,25;10,25;10,45;10,45;10,45;10,45;10,45;10,45;10,45;10,88;11,13;11,13;11,48;11,48;11,48;11,48
1497 Hjo;9,5;10,25;10,25;10,25;10,25;10,45;10,45;10,45;10,45;10,45;10,45;10,45;10,88;11,13;11,13;11,48;11,48;11,48;11,48
1498 Tidaholm;9,5;10,25;10,25;10,25;10,25;10,45;10,45;10,45;10,45;10,45;10,45;10,45;10,88;11,13;11,13;11,48;11,48;11,48;11,48
1499 Falköping;9,5;10,25;10,25;10,25;10,25;10,45;10,45;10,45;10,45;10,45;10,45;10,45;10,88;11,13;11,13;11,48;11,48;11,48;11,48
1715 Kil;10;10;10,5;10,5;10,5;10,5;10,5;10,5;10,5;10,75;10,75;10,75;11,2;11,2;11,2;11,2;11,2;11,2;11,2
1730 Eda;10;10;10,5;10,5;10,5;10,5;10,5;10,5;10,5;10,75;10,75;10,75;11,2;11,2;11,2;11,2;11,2;11,2;11,2
1737 Torsby;10;10;10,5;10,5;10,5;10,5;10,5;10,5;10,5;10,75;10,75;10,75;11,2;11,2;11,2;11,2;11,2;11,2;11,2
1760 Storfors;10;10;10,5;10,5;10,5;10,5;10,5;10,5;10,5;10,75;10,75;10,75;11,2;11,2;11,2;11,2;11,2;11,2;11,2
1761 Hammarö;10;10;10,5;10,5;10,5;10,5;10,5;10,5;10,5;10,75;10,75;10,75;11,2;11,2;11,2;11,2;11,2;11,2;11,2
1762 Munkfors;10;10;10,5;10,5;10,5;10,5;10,5;10,5;10,5;10,75;10,75;10,75;11,2;11,2;11,2;11,2;11,2;11,2;11,2
1763 Forshaga;10;10;10,5;10,5;10,5;10,5;10,5;10,5;10,5;10,75;10,75;10,75;11,2;11,2;11,2;11,2;11,2;11,2;11,2
1764 Grums;10;10;10,5;10,5;10,5;10,5;10,5;10,5;10,5;10,75;10,75;10,75;11,2;11,2;11,2;11,2;11,2;11,2;11,2
1765 Årjäng;10;10;10,5;10,5;10,5;10,5;10,5;10,5;10,5;10,75;10,75;10,75;11,2;11,2;11,2;11,2;11,2;11,2;11,2
1766 Sunne;10;10;10,5;10,5;10,5;10,5;10,5;10,5;10,5;10,75;10,75;10,75;11,2;11,2;11,2;11,2;11,2;11,2;11,2
1780 Karlstad;10;10;10,5;10,5;10,5;10,5;10,5;10,5;10,5;10,75;10,75;10,75;11,2;11,2;11,2;11,2;11,2;11,2;11,2
1781 Kristinehamn;10;10;10,5;10,5;10,5;10,5;10,5;10,5;10,5;10,75;10,75;10,75;11,2;11,2;11,2;11,2;11,2;11,2;11,2
1782 Filipstad;10;10;10,5;10,5;10,5;10,5;10,5;10,5;10,5;10,75;10,75;10,75;11,2;11,2;11,2;11,2;11,2;11,2;11,2
1783 Hagfors;10;10;10,5;10,5;10,5;10,5;10,5;10,5;10,5;10,75;10,75;10,75;11,2;11,2;11,2;11,2;11,2;11,2;11,2
1784 Arvika;10;10;10,5;10,5;10,5;10,5;10,5;10,5;10,5;10,75;10,75;10,75;11,2;11,2;11,2;11,2;11,2;11,2;11,2
1785 Säffle;10;10;10,5;10,5;10,5;10,5;10,5;10,5;10,5;10,75;10,75;10,75;11,2;11,2;11,2;11,2;11,2;11,2;11,2
1814 Lekeberg;10,43;10,43;10,68;10,68;10,68;10,68;10,68;10,68;10,68;10,68;10,68;10,68;11,02;11,02;11,52;11,55;11,55;11,55;11,55
1860 Laxå;10,43;10,43;10,68;10,68;10,68;10,68;10,68;10,68;10,68;10,68;10,68;10,68;11,02;11,02;11,52;11,55;11,55;11,55;11,55
1861 Hallsberg;10,43;10,43;10,68;10,68;10,68;10,68;10,68;10,68;10,68;10,68;10,68;10,68;11,02;11,02;11,52;11,55;11,55;11,55;11,55
1862 Degerfors;10,43;10,43;10,68;10,68;10,68;10,68;10,68;10,68;10,68;10,68;10,68;10,68;11,02;11,02;11,52;11,55;11,55;11,55;11,55
1863 Hällefors;10,43;10,43;10,68;10,68;10,68;10,68;10,68;10,68;10,68;10,68;10,68;10,68;11,02;11,02;11,52;11,55;11,55;11,55;11,55
1864 Ljusnarsberg;10,43;10,43;10,68;10,68;10,68;10,68;10,68;10,68;10,68;10,68;10,68;10,68;11,02;11,02;11,52;11,55;11,55;11,55;11,55
1880 Örebro;10,43;10,43;10,68;10,68;10,68;10,68;10,68;10,68;10,68;10,68;10,68;10,68;11,02;11,02;11,52;11,55;11,55;11,55;11,55
1881 Kumla;10,43;10,43;10,68;10,68;10,68;10,68;10,68;10,68;10,68;10,68;10,68;10,68;11,02;11,02;11,52;11,55;11,55;11,55;11,55
1882 Askersund;10,43;10,43;10,68;10,68;10,68;10,68;10,68;10,68;10,68;10,68;10,68;10,68;11,02;11,02;11,52;11,55;11,55;11,55;11,55
1883 Karlskoga;10,43;10,43;10,68;10,68;10,68;10,68;10,68;10,68;10,68;10,68;10,68;10,68;11,02;11,02;11,52;11,55;11,55;11,55;11,55
1884 Nora;10,43;10,43;10,68;10,68;10,68;10,68;10,68;10,68;10,68;10,68;10,68;10,68;11,02;11,02;11,52;11,55;11,55;11,55;11,55
1885 Lindesberg;10,43;10,43;10,68;10,68;10,68;10,68;10,68;10,68;10,68;10,68;10,68;10,68;11,02;11,02;11,52;11,55;11,55;11,55;11,55
1904 Skinnskatteberg;9,78;10,28;10,28;10,28;10,28;10,28;10,28;10,8;10,65;10,5;10,5;10,5;10,38;10,88;10,88;10,88;10,88;10,88;10,88
1907 Surahammar;9,78;10,28;10,28;10,28;10,28;10,28;10,28;10,8;10,65;10,5;10,5;10,5;10,38;10,88;10,88;10,88;10,88;10,88;10,88
1960 Kungsör;9,78;10,28;10,28;10,28;10,28;10,28;10,28;10,8;10,65;10,5;10,5;10,5;10,38;10,88;10,88;10,88;10,88;10,88;10,88
1961 Hallstahammar;9,78;10,28;10,28;10,28;10,28;10,28;10,28;10,8;10,65;10,5;10,5;10,5;10,38;10,88;10,88;10,88;10,88;10,88;10,88
1962 Norberg;9,78;10,28;10,28;10,28;10,28;10,28;10,28;10,8;10,65;10,5;10,5;10,5;10,38;10,88;10,88;10,88;10,88;10,88;10,88
1980 Västerås;9,78;10,28;10,28;10,28;10,28;10,28;10,28;10,8;10,65;10,5;10,5;10,5;10,38;10,88;10,88;10,88;10,88;10,88;10,88
1981 Sala;9,78;10,28;10,28;10,28;10,28;10,28;10,28;10,8;10,65;10,5;10,5;10,5;10,38;10,88;10,88;10,88;10,88;10,88;10,88
1982 Fagersta;9,78;10,28;10,28;10,28;10,28;10,28;10,28;10,8;10,65;10,5;10,5;10,5;10,38;10,88;10,88;10,88;10,88;10,88;10,88
1983 Köping;9,78;10,28;10,28;10,28;10,28;10,28;10,28;10,8;10,65;10,5;10,5;10,5;10,38;10,88;10,88;10,88;10,88;10,88;10,88
1984 Arboga;9,78;10,28;10,28;10,28;10,28;10,28;10,28;10,8;10,65;10,5;10,5;10,5;10,38;10,88;10,88;10,88;10,88;10,88;10,88
2021 Vansbro;10,09;10,09;10,09;10,09;10,89;10,89;10,89;10,89;10,89;10,89;10,89;10,89;10,89;11,16;11,16;11,16;11,16;11,16;11,63
2023 Malung-Sälen;10,09;10,09;10,09;10,09;10,89;10,89;10,89;10,89;10,89;10,89;10,89;10,89;10,89;11,16;11,16;11,16;11,16;11,16;11,63
2026 Gagnef;10,09;10,09;10,09;10,09;10,89;10,89;10,89;10,89;10,89;10,89;10,89;10,89;10,89;11,16;11,16;11,16;11,16;11,16;11,63
2029 Leksand;10,09;10,09;10,09;10,09;10,89;10,89;10,89;10,89;10,89;10,89;10,89;10,89;10,89;11,16;11,16;11,16;11,16;11,16;11,63
2031 Rättvik;10,09;10,09;10,09;10,09;10,89;10,89;10,89;10,89;10,89;10,89;10,89;10,89;10,89;11,16;11,16;11,16;11,16;11,16;11,63
2034 Orsa;10,09;10,09;10,09;10,09;10,89;10,89;10,89;10,89;10,89;10,89;10,89;10,89;10,89;11,16;11,16;11,16;11,16;11,16;11,63
2039 Älvdalen;10,09;10,09;10,09;10,09;10,89;10,89;10,89;10,89;10,89;10,89;10,89;10,89;10,89;11,16;11,16;11,16;11,16;11,16;11,63
2061 Smedjebacken;10,09;10,09;10,09;10,09;10,89;10,89;10,89;10,89;10,89;10,89;10,89;10,89;10,89;11,16;11,16;11,16;11,16;11,16;11,63
2062 Mora;10,09;10,09;10,09;10,09;10,89;10,89;10,89;10,89;10,89;10,89;10,89;10,89;10,89;11,16;11,16;11,16;11,16;11,16;11,63
2080 Falun;10,09;10,09;10,09;10,09;10,89;10,89;10,89;10,89;10,89;10,89;10,89;10,89;10,89;11,16;11,16;11,16;11,16;11,16;11,63
2081 Borlänge;10,09;10,09;10,09;10,09;10,89;10,89;10,89;10,89;10,89;10,89;10,89;10,89;10,89;11,16;11,16;11,16;11,16;11,16;11,63
2082 Säter;10,09;10,09;10,09;10,09;10,89;10,89;10,89;10,89;10,89;10,89;10,89;10,89;10,89;11,16;11,16;11,16;11,16;11,16;11,63
2083 Hedemora;10,09;10,09;10,09;10,09;10,89;10,89;10,89;10,89;10,89;10,89;10,89;10,89;10,89;11,16;11,16;11,16;11,16;11,16;11,63
2084 Avesta;10,09;10,09;10,09;10,09;10,89;10,89;10,89;10,89;10,89;10,89;10,89;10,89;10,89;11,16;11,16;11,16;11,16;11,16;11,63
2085 Ludvika;10,09;10,09;10,09;10,09;10,89;10,89;10,89;10,89;10,89;10,89;10,89;10,89;10,89;11,16;11,16;11,16;11,16;11,16;11,63
2101 Ockelbo;10,35;10,35;10,35;10,35;10,35;10,35;10,67;10,67;10,67;10,87;11,17;11,17;11,43;11,51;11,51;11,51;11,51;11,51;11,51
2104 Hofors;10,35;10,35;10,35;10,35;10,35;10,35;10,67;10,67;10,67;10,87;11,17;11,17;11,43;11,51;11,51;11,51;11,51;11,51;11,51
2121 Ovanåker;10,35;10,35;10,35;10,35;10,35;10,35;10,67;10,67;10,67;10,87;11,17;11,17;11,43;11,51;11,51;11,51;11,51;11,51;11,51
2132 Nordanstig;10,35;10,35;10,35;10,35;10,35;10,35;10,67;10,67;10,67;10,87;11,17;11,17;11,43;11,51;11,51;11,51;11,51;11,51;11,51
2161 Ljusdal;10,35;10,35;10,35;10,35;10,35;10,35;10,67;10,67;10,67;10,87;11,17;11,17;11,43;11,51;11,51;11,51;11,51;11,51;11,51
2180 Gävle;10,35;10,35;10,35;10,35;10,35;10,35;10,67;10,67;10,67;10,87;11,17;11,17;11,43;11,51;11,51;11,51;11,51;11,51;11,51
2181 Sandviken;10,35;10,35;10,35;10,35;10,35;10,35;10,67;10,67;10,67;10,87;11,17;11,17;11,43;11,51;11,51;11,51;11,51;11,51;11,51
2182 Söderhamn;10,35;10,35;10,35;10,35;10,35;10,35;10,67;10,67;10,67;10,87;11,17;11,17;11,43;11,51;11,51;11,51;11,51;11,51;11,51
2183 Bollnäs;10,35;10,35;10,35;10,35;10,35;10,35;10,67;10,67;10,67;10,87;11,17;11,17;11,43;11,51;11,51;11,51;11,51;11,51;11,51
2184 Hudiksvall;10,35;10,35;10,35;10,35;10,35;10,35;10,67;10,67;10,67;10,87;11,17;11,17;11,43;11,51;11,51;11,51;11,51;11,51;11,51
2260 Ånge;10;10;10;10;10,6;10,6;10,6;10,6;10,6;10,6;10,99;10,99;10,99;10,99;10,69;10,69;11,29;11,29;11,29
2262 Timrå;10;10;10;10;10,6;10,6;10,6;10,6;10,6;10,6;10,99;10,99;10,99;10,99;10,69;10,69;11,29;11,29;11,29
2280 Härnösand;10;10;10;10;10,6;10,6;10,6;10,6;10,6;10,6;10,99;10,99;10,99;10,99;10,69;10,69;11,29;11,29;11,29
2281 Sundsvall;10;10;10;10;10,6;10,6;10,6;10,6;10,6;10,6;10,99;10,99;10,99;10,99;10,69;10,69;11,29;11,29;11,29
2282 Kramfors;10;10;10;10;10,6;10,6;10,6;10,6;10,6;10,6;10,99;10,99;10,99;10,99;10,69;10,69;11,29;11,29;11,29
2283 Sollefteå;10;10;10;10;10,6;10,6;10,6;10,6;10,6;10,6;10,99;10,99;10,99;10,99;10,69;10,69;11,29;11,29;11,29
2284 Örnsköldsvik;10;10;10;10;10,6;10,6;10,6;10,6;10,6;10,6;10,99;10,99;10,99;10,99;10,69;10,69;11,29;11,29;11,29
2303 Ragunda;9,55;9,55;9,55;10,15;10,15;10,15;10,15;10,15;10,15;10,6;10,6;10,6;10,6;10,85;10,85;11,2;11,2;11,2;11,2
2305 Bräcke;9,55;9,55;9,55;10,15;10,15;10,15;10,15;10,15;10,15;10,6;10,6;10,6;10,6;10,85;10,85;11,2;11,2;11,2;11,2
2309 Krokom;9,55;9,55;9,55;10,15;10,15;10,15;10,15;10,15;10,15;10,6;10,6;10,6;10,6;10,85;10,85;11,2;11,2;11,2;11,2
2313 Strömsund;9,55;9,55;9,55;10,15;10,15;10,15;10,15;10,15;10,15;10,6;10,6;10,6;10,6;10,85;10,85;11,2;11,2;11,2;11,2
2321 Åre;9,55;9,55;9,55;10,15;10,15;10,15;10,15;10,15;10,15;10,6;10,6;10,6;10,6;10,85;10,85;11,2;11,2;11,2;11,2
2326 Berg;9,55;9,55;9,55;10,15;10,15;10,15;10,15;10,15;10,15;10,6;10,6;10,6;10,6;10,85;10,85;11,2;11,2;11,2;11,2
2361 Härjedalen;9,55;9,55;9,55;10,15;10,15;10,15;10,15;10,15;10,15;10,6;10,6;10,6;10,6;10,85;10,85;11,2;11,2;11,2;11,2
2380 Östersund;9,55;9,55;9,55;10,15;10,15;10,15;10,15;10,15;10,15;10,6;10,6;10,6;10,6;10,85;10,85;11,2;11,2;11,2;11,2
2401 Nordmaling;9,7;9,7;9,7;9,7;9,7;10,5;10,5;10,5;10,5;10,5;10,5;10,5;10,5;10,3;10,8;10,8;10,8;11,3;11,3
2403 Bjurholm;9,7;9,7;9,7;9,7;9,7;10,5;10,5;10,5;10,5;10,5;10,5;10,5;10,5;10,3;10,8;10,8;10,8;11,3;11,3
2404 Vindeln;9,7;9,7;9,7;9,7;9,7;10,5;10,5;10,5;10,5;10,5;10,5;10,5;10,5;10,3;10,8;10,8;10,8;11,3;11,3
2409 Robertsfors;9,7;9,7;9,7;9,7;9,7;10,5;10,5;10,5;10,5;10,5;10,5;10,5;10,5;10,3;10,8;10,8;10,8;11,3;11,3
2417 Norsjö;9,7;9,7;9,7;9,7;9,7;10,5;10,5;10,5;10,5;10,5;10,5;10,5;10,5;10,3;10,8;10,8;10,8;11,3;11,3
2418 Malå;9,7;9,7;9,7;9,7;9,7;10,5;10,5;10,5;10,5;10,5;10,5;10,5;10,5;10,3;10,8;10,8;10,8;11,3;11,3
2421 Storuman;9,7;9,7;9,7;9,7;9,7;10,5;10,5;10,5;10,5;10,5;10,5;10,5;10,5;10,3;10,8;10,8;10,8;11,3;11,3
2422 Sorsele;9,7;9,7;9,7;9,7;9,7;10,5;10,5;10,5;10,5;10,5;10,5;10,5;10,5;10,3;10,8;10,8;10,8;11,3;11,3
2425 Dorotea;9,7;9,7;9,7;9,7;9,7;10,5;10,5;10,5;10,5;10,5;10,5;10,5;10,5;10,3;10,8;10,8;10,8;11,3;11,3
2460 Vännäs;9,7;9,7;9,7;9,7;9,7;10,5;10,5;10,5;10,5;10,5;10,5;10,5;10,5;10,3;10,8;10,8;10,8;11,3;11,3
2462 Vilhelmina;9,7;9,7;9,7;9,7;9,7;10,5;10,5;10,5;10,5;10,5;10,5;10,5;10,5;10,3;10,8;10,8;10,8;11,3;11,3
2463 Åsele;9,7;9,7;9,7;9,7;9,7;10,5;10,5;10,5;10,5;10,5;10,5;10,5;10,5;10,3;10,8;10,8;10,8;11,3;11,3
2480 Umeå;9,7;9,7;9,7;9,7;9,7;10,5;10,5;10,5;10,5;10,5;10,5;10,5;10,5;10,3;10,8;10,8;10,8;11,3;11,3
2481 Lycksele;9,7;9,7;9,7;9,7;9,7;10,5;10,5;10,5;10,5;10,5;10,5;10,5;10,5;10,3;10,8;10,8;10,8;11,3;11,3
2482 Skellefteå;9,7;9,7;9,7;9,7;9,7;10,5;10,5;10,5;10,5;10,5;10,5;10,5;10,5;10,3;10,8;10,8;10,8;11,3;11,3
2505 Arvidsjaur;9,42;9,42;9,42;9,42;9,42;9,42;9,42;9,42;9,42;10,4;10,4;10,4;10,4;10,18;10,18;10,18;11,34;11,34;11,34
2506 Arjeplog;9,42;9,42;9,42;9,42;9,42;9,42;9,42;9,42;9,42;10,4;10,4;10,4;10,4;10,18;10,18;10,18;11,34;11,34;11,34
2510 Jokkmokk;9,42;9,42;9,42;9,42;9,42;9,42;9,42;9,42;9,42;10,4;10,4;10,4;10,4;10,18;10,18;10,18;11,34;11,34;11,34
2513 Överkalix;9,42;9,42;9,42;9,42;9,42;9,42;9,42;9,42;9,42;10,4;10,4;10,4;10,4;10,18;10,18;10,18;11,34;11,34;11,34
2514 Kalix;9,42;9,42;9,42;9,42;9,42;9,42;9,42;9,42;9,42;10,4;10,4;10,4;10,4;10,18;10,18;10,18;11,34;11,34;11,34
2518 Övertorneå;9,42;9,42;9,42;9,42;9,42;9,42;9,42;9,42;9,42;10,4;10,4;10,4;10,4;10,18;10,18;10,18;11,34;11,34;11,34
2521 Pajala;9,42;9,42;9,42;9,42;9,42;9,42;9,42;9,42;9,42;10,4;10,4;10,4;10,4;10,18;10,18;10,18;11,34;11,34;11,34
2523 Gällivare;9,42;9,42;9,42;9,42;9,42;9,42;9,42;9,42;9,42;10,4;10,4;10,4;10,4;10,18;10,18;10,18;11,34;11,34;11,34
2560 Älvsbyn;9,42;9,42;9,42;9,42;9,42;9,42;9,42;9,42;9,42;10,4;10,4;10,4;10,4;10,18;10,18;10,18;11,34;11,34;11,34
2580 Luleå;9,42;9,42;9,42;9,42;9,42;9,42;9,42;9,42;9,42;10,4;10,4;10,4;10,4;10,18;10,18;10,18;11,34;11,34;11,34
2581 Piteå;9,42;9,42;9,42;9,42;9,42;9,42;9,42;9,42;9,42;10,4;10,4;10,4;10,4;10,18;10,18;10,18;11,34;11,34;11,34
2582 Boden;9,42;9,42;9,42;9,42;9,42;9,42;9,42;9,42;9,42;10,4;10,4;10,4;10,4;10,18;10,18;10,18;11,34;11,34;11,34
2583 Haparanda;9,42;9,42;9,42;9,42;9,42;9,42;9,42;9,42;9,42;10,4;10,4;10,4;10,4;10,18;10,18;10,18;11,34;11,34;11,34
2584 Kiruna;9,42;9,42;9,42;9,42;9,42;9,42;9,42;9,42;9,42;10,4;10,4;10,4;10,4;10,18;10,18;10,18;11,34;11,34;11,34
